id,question,help,language,qid,parent_qid,sid,type,title,preg,other,mandatory,encrypted,question_order,scale_id,same_default,question_theme_name,modulename,gid,relevance,same_script
579,Dichiaro di aver preso visione del Modulo di Consenso e acconsento a partecipare all'indagine.,,it,579,463,694511,T,SQ001,,N,N,N,0,0,0,,,41,1,0
463,"<p>Dichiaro di aver preso visione del foglio informativo e dell’informativa sulla privacy per il trattamento dati per l’indagine di reclutamento IOPP. Confermo di aver trovato le informazioni fornite esaurienti e comprensibili.</p>

<p>In particolare, dichiaro di essere stata/o informata/o che i dati raccolti per l’indagine di reclutamento IOPP saranno trattati dal Consiglio Nazionale delle Ricerche – Istituto di Ricerche sulla Popolazione e le Politiche Sociali (CNR-IRPPS).</p>

<p>Dichiaro di aver compreso i rischi e i benefici, sia diretti che indiretti, che possono derivare dalla mia partecipazione all’indagine. Sono stata/o informata/o delle misure di tutela della riservatezza delle e dei partecipanti e delle procedure per la protezione dei dati personali in conformità alle normative vigenti, inclusi il Regolamento Generale sulla Protezione dei Dati (GDPR) dell’Unione Europea e altre leggi applicabili. Sono consapevole che i miei dati personali saranno trattati esclusivamente per scopi di ricerca scientifica.</p>

<p>Acconsento volontariamente al trattamento dei dati personali per l’indagine di reclutamento IOPP.</p>

<p>Dichiaro infine di avere almeno 18 anni e di essere legalmente capace di fornire il mio consenso alla partecipazione a questa indagine di ricerca. Altresì, sono stata/o informata/o delle modalità con cui revocare il consenso e ho individuato nel Direttore del CNR-IRPPS la persona a cui rivolgermi in caso di dubbi ovvero per chiedere la rettifica, la limitazione o la cancellazione del presente trattamento.</p>

<p>Titolare del trattamento dati: Direttore del CNR-IRPPS<br />Indirizzo email: <a href='mailto:direttore@irpps.cnr.it'>direttore@irpps.cnr.it</a></p>
",,it,463,0,694511,M,CONSENT,,N,Y,N,1,0,0,multiplechoice,,41,1,0
480,Via e numero civico:,,it,480,399,694511,T,IND,,N,N,N,0,0,0,,,30,1,0
570,Nome:,,it,570,454,694511,T,Nome,,N,N,N,0,0,0,,,30,1,0
574,Via e numero civico:,,it,574,460,694511,T,IND,,N,N,N,0,0,0,,,30,1,0
588,Comune,,it,588,458,694511,T,COM,,N,N,N,0,0,0,,,30,1,0
397,"<p>Conferma che il suo nome è:</p>

<p>Nome: <b>{TOKEN:FIRSTNAME} </b></p>

<p>Cognome: <b>{TOKEN:LASTNAME}</b></p>
",,it,397,0,694511,L,RVer01,,N,Y,N,1,0,0,bootstrap_buttons,,30,1,0
481,CAP:,,it,481,399,694511,T,CAP,,N,N,N,1,0,0,,,30,1,0
571,Cognome:,,it,571,454,694511,T,Cognome,,N,N,N,1,0,0,,,30,1,0
575,CAP:,,it,575,460,694511,T,CAP,,N,N,N,1,0,0,,,30,1,0
589,Campione,,it,589,458,694511,T,CMP,,N,N,N,1,0,0,,,30,1,0
454,Lei è...,,it,454,0,694511,Q,RVer01x1,,N,Y,N,2,0,0,multipleshorttext,,30,"((RVer01.NAOK == 'NO'))",0
576,Comune:,,it,576,460,694511,T,COM,,N,N,N,2,0,0,,,30,1,0
398,"<p>Lei risiede al seguente indirizzo?</p>

<p>Via e numero civico: <strong>{TOKEN:ATTRIBUTE_3}</strong></p>

<p>CAP: <strong>{TOKEN:ATTRIBUTE_4}</strong></p>

<p>Comune: <strong>{TOKEN:ATTRIBUTE_8}</strong></p>
",,it,398,0,694511,L,RVer02,,N,Y,N,3,0,0,bootstrap_buttons,,30,1,0
590,Campione,,it,590,460,694511,T,CMP,,N,N,N,3,0,0,,,30,1,0
399,"<p>Qual è il suo indirizzo di residenza?</p>
",,it,399,0,694511,Q,RVer02x1,,N,Y,N,4,0,0,multipleshorttext,,30,"((RVer02.NAOK == 'NOS') OR (RVer02.NAOK == 'NOA'))",0
458,"Qual è il suo Comune di residenza?
<div id='loading{QID}' style='
    display: flex;
    position: absolute;
    left: 0;
    top: 0;
    z-index: 500;
    background-color: #f8f8f8;
    width: 100%;
    height: 100%;
    align-items: center;
    justify-content: center;
'>Caricamento domanda in corso...</div>
",,it,458,0,694511,Q,RVer02x2,,N,Y,N,5,0,0,multipleshorttext,,30,"RVer02.NAOK == 'NOA'",1
459,"<p>L'indirizzo di residenza è lo stesso in cui dimora la maggior parte dell'anno?</p>
",,it,459,0,694511,L,RVer02x3,,N,Y,N,6,0,0,bootstrap_buttons,,30,1,0
460,"Qual è l'indirizzo in cui dimora abitualmente?
<div id='loading{QID}' style='
    display: flex;
    position: absolute;
    left: 0;
    top: 0;
    z-index: 500;
    background-color: #f8f8f8;
    width: 100%;
    height: 100%;
    align-items: center;
    justify-content: center;
'>Caricamento domanda in corso...</div>
",,it,460,0,694511,Q,RVer02x4,,N,Y,N,7,0,0,multipleshorttext,,30,"RVer02x3.NAOK == 'NO'",1
456,"<p>La sua data di nascita è la seguente?<strong> {TOKEN:ATTRIBUTE_2}</strong></p>
",,it,456,0,694511,L,RVer03,,N,Y,N,8,0,0,bootstrap_buttons,,30,"RVer02x2_CMP.NAOK != '0'",0
400,"<p>Qual è la sua data di nascita?</p>
",,it,400,0,694511,D,RVer03x1,,N,Y,N,9,0,0,date,,30,"RVer03.NAOK == 'NO'",0
455,"<p>Conferma che Lei è: <b>{if(TOKEN:ATTRIBUTE_1=='F','Femmina',if(TOKEN:ATTRIBUTE_1=='M','Maschio'))}</b></p>
",,it,455,0,694511,L,RVer04,,N,Y,N,10,0,0,bootstrap_buttons,,30,"RVer02x2_CMP.NAOK != '0'",0
553,Lingua principale,,it,553,416,694511,T,PRIN,,N,N,N,0,0,0,,,31,1,0
785,Codice,,it,785,404,694511,T,COD,,N,,N,0,0,0,,,31,1,0
401,"<p>Questa domanda si riferisce al suo stato civile, indipendentemente dalla persona con cui vive in questo momento. Quale categoria riportata di seguito descrive il suo attuale stato civile?</p>
",,it,401,0,694511,L,RSDe01,,N,Y,N,1,0,0,listradio,,31,1,0
555,Lingua secondaria,,it,555,416,694511,T,SECO,,N,N,N,1,0,0,,,31,1,0
578,Testo,,it,578,404,694511,T,TXT,,N,N,N,1,0,0,,,31,1,0
402,"Compresi Lei ed eventuali bambini, quante persone vivono regolarmente nella casa in cui abita attualmente?",,it,402,0,694511,N,RSDe02,,N,Y,N,2,0,0,numerical,,31,1,1
554,Lingua,,it,554,416,694511,T,LING,,N,N,N,2,1,0,,,31,,0
461,"<p>Di questi indichi quanti sono figli suoi, adottati o affiliati. Se non ha figli, indichi 0 come risposta.</p>
",,it,461,0,694511,N,RSDe02x1,,N,Y,N,3,0,0,numerical,,31,RSDe02.NAOK > 1,0
403,Quale delle seguenti alternative descrive meglio la condizione lavorativa in cui Lei si trovava la settimana scorsa?,,it,403,0,694511,L,RSDe03,,Y,Y,N,4,0,0,listradio,,31,1,0
404,"<p>In particolare, quale professione svolge? Può scrivere direttamente la sua professione, scegliendo quella più adeguata tra quelle suggerite.</p>

<p>Nel caso in cui svolga più attività lavorative, faccia sempre riferimento alla principale e indichi nel modo più dettagliato possibile qual è il lavoro, la professione o il mestiere svolto.</p>
",,it,404,0,694511,Q,RSDe03x1,,N,Y,N,5,0,0,multipleshorttext,,31,"((RSDe03.NAOK == 'AO01'))",1
405,"<p>Il settore in cui lavora è pubblico o privato?</p>

<p><em>Se è un lavoratore dipendente, faccia riferimento all'ente o all'organizzazione con cui ha stipulato il contratto. Se è un lavoratore autonomo, indichi “privato” come risposta.</em></p>
",,it,405,0,694511,L,RSDe03x2,,N,Y,N,6,0,0,listradio,,31,"((RSDe03.NAOK == 'AO01'))",0
406,"<p>Qual è il titolo di studio più elevato che ha conseguito tra quelli elencati?</p>
",,it,406,0,694511,L,RSDe04,,N,Y,N,7,0,0,listradio,,31,1,0
407,"<p>Complessivamente, per quanti anni ha studiato a tempo pieno?</p>

<p><em>Consideri gli anni dedicati allo studio dalla prima elementare sino ad eventuali corsi universitari o post universitari.</em></p>
",,it,407,0,694511,N,RSDe05,,N,Y,N,8,0,0,numerical,,31,1,1
408,"<p>Indichi qual è la sua cittadinanza:</p>
",,it,408,0,694511,L,RSDe06,,N,Y,N,9,0,0,listradio,,31,1,0
409,"<p>Di quale Paese è cittadina/o?</p>
",,it,409,0,694511,!,RSDe06x1,,N,Y,N,10,0,0,bootstrap_dropdown,,31,"((RSDe06.NAOK == 'ENTR' or RSDe06.NAOK == 'STRA'))",0
410,"<p>Lei è nata/o in Italia?</p>
",,it,410,0,694511,L,RSDe07,,N,Y,N,11,0,0,bootstrap_buttons,,31,1,0
411,"<p>In che Paese è nata/o?</p>
",,it,411,0,694511,!,RSDe07x1,,N,Y,N,12,0,0,bootstrap_dropdown,,31,"((RSDe07.NAOK == 'NO'))",0
412,"<p>Suo padre è nato in Italia?</p>
",,it,412,0,694511,L,RSDe08,,N,Y,N,13,0,0,bootstrap_buttons,,31,1,0
414,"<p>In che Paese è nato suo padre?</p>
",,it,414,0,694511,!,RSDe08x1,,N,Y,N,14,0,0,bootstrap_dropdown,,31,"((RSDe08.NAOK == 'NO'))",0
413,"<p>Sua madre è nata in Italia?</p>
",,it,413,0,694511,L,RSDe09,,N,Y,N,15,0,0,bootstrap_buttons,,31,1,0
415,"<p>In che Paese è nata Sua madre?</p>
",,it,415,0,694511,!,RSDe09x1,,N,Y,N,16,0,0,bootstrap_dropdown,,31,"((RSDe09.NAOK == 'NO'))",0
416,"<p>Quale lingua o lingue usa principalmente in casa? Indichi al massimo due lingue.</p>
",,it,416,0,694511,;,RSDe10,,N,N,N,17,0,0,arrays/texts,,31,1,0
417,"<p>Quale delle seguenti frasi descrive meglio il suo modo di vedere la situazione della sua famiglia rispetto al reddito che avete attualmente a disposizione?</p>

<p><em>Faccia riferimento alle persone che vivono regolarmente nella sua casa come membri della famiglia.</em></p>
",,it,417,0,694511,L,RSDe11,,N,Y,N,18,0,0,listradio,,31,0,0
472,"<p>Quale delle seguenti frasi descrive meglio il suo modo di vedere la situazione della sua famiglia rispetto al reddito che avete attualmente a disposizione?</p>

<p><em>Faccia riferimento alle persone che vivono regolarmente nella sua casa come membri della famiglia.</em></p>
",,it,472,0,694511,L,RSDe11Esp1,,N,Y,N,19,0,0,listradio,,31,"TOKEN:ATTRIBUTE_14 == '1'",0
473,"<p>Quale delle seguenti frasi descrive meglio il suo modo di vedere la situazione della sua famiglia rispetto al reddito che avete attualmente a disposizione?</p>

<p><em>Faccia riferimento alle persone che vivono regolarmente nella sua casa come membri della famiglia.</em></p>
",,it,473,0,694511,L,RSDe11Esp2,,N,N,N,20,0,0,listradio,,31,"TOKEN:ATTRIBUTE_14 == '2'",0
474,"<p>Quale delle seguenti frasi descrive meglio il suo modo di vedere la situazione della sua famiglia rispetto al reddito che avete attualmente a disposizione?</p>

<p><em>Faccia riferimento alle persone che vivono regolarmente nella sua casa come membri della famiglia.</em></p>
",,it,474,0,694511,L,RSDe11Esp3,,N,Y,N,21,0,0,listradio,,31,"TOKEN:ATTRIBUTE_14 == '3'",0
477,Lei ha lasciato senza risposta questa domanda. Potrebbe dirci perché non ha risposto?,,it,477,0,694511,L,RSDe11Esp3B,,N,Y,N,22,0,0,listradio,,31,"TOKEN:ATTRIBUTE_14 == '3' AND (RSDe11Esp3.NAOK == 'NR')",0
418,"<p>La casa dove risiede abitualmente è:</p>
",,it,418,0,694511,L,RSDe12,,Y,Y,N,23,0,0,listradio,,31,1,0
419,"<p>Lei si considera appartenente ad una particolare religione o confessione religiosa?</p>
",,it,419,0,694511,L,RSDe13,,N,Y,N,24,0,0,bootstrap_buttons,,31,1,0
420,"<p>Quale?</p>
",,it,420,0,694511,L,RSDe13x1,,N,Y,N,25,0,0,listradio,,31,"((RSDe13.NAOK == 'SI'))",0
482,A casa,,it,482,422,694511,T,SQ001,,N,N,N,0,0,0,,,32,1,0
488,Smartphone ,,it,488,424,694511,T,SQ001,,N,N,N,0,0,0,,,32,1,0
493,"Usare servizi di messaggeria istantanea (es. WhatsApp, Skype, Viber, Messenger, Snapchat)",,it,493,425,694511,T,RITE01x401,,N,N,N,0,0,0,,,32,1,0
503,Stampare un documento,,it,503,426,694511,T,RITE02x1,,N,N,N,0,0,0,,,32,1,0
507,Un/a familiare,,it,507,429,694511,T,SQ001,,N,N,N,0,0,0,,,32,1,0
421,"<p>Lei ha accesso ad Internet?</p>

<p><em>Consideri anche l’invio di e-mail, messaggi istantanei (es. WhatsApp, Messenger), film/serie TV, intrattenimento o eventi sportivi in streaming (es. Netflix, Disney+, DAZN), giochi online, servizi bancari online, ecc. su un qualsiasi dispositivo, computer fisso o portatile, tablet, smartphone, smart device, ecc.</em></p>
",,it,421,0,694511,L,RITE01,,N,Y,N,1,0,0,bootstrap_buttons,,32,1,0
483,Sul posto di lavoro,,it,483,422,694511,T,SQ002,,N,N,N,1,0,0,,,32,1,0
489,Tablet,,it,489,424,694511,T,SQ002,,N,N,N,1,0,0,,,32,1,0
494,Spedire o ricevere e-mail,,it,494,425,694511,T,RITE01x402,,N,N,N,1,0,0,,,32,1,0
504,Installare o disinstallare un programma/app,,it,504,426,694511,T,RITE02x2,,N,N,N,1,0,0,,,32,1,0
508,Un/a amico/a,,it,508,429,694511,T,SQ002,,N,N,N,1,0,0,,,32,1,0
423,"<p>Indichi con che frequenza utilizza Internet:</p>
",,it,423,0,694511,L,RITE01x1,,N,Y,N,2,0,0,listradio,,32,"((RITE01.NAOK == 'SI'))",0
484,Per strada,,it,484,422,694511,T,SQ003,,N,N,N,2,0,0,,,32,1,0
490,Computer fisso o portatile,,it,490,424,694511,T,SQ003,,N,N,N,2,0,0,,,32,1,0
495,"Effettuare chiamate o video chiamate via Internet (es. WhatsApp, Zoom, Facetime, Skype, Messenger, Viber, Snapchat, MS Teams, Webex, Google Meet, ecc.)",,it,495,425,694511,T,RITE01x403,,N,N,N,2,0,0,,,32,1,0
505,Cambiare una password,,it,505,426,694511,T,RITE02x3,,N,N,N,2,0,0,,,32,1,0
509,Un/a collega,,it,509,429,694511,T,SQ003,,N,N,N,2,0,0,,,32,1,0
422,"<p>Immagini di voler accedere a Internet. In quale di questi luoghi sarebbe in grado di farlo? Indichi tutte le risposte pertinenti.</p>
<style type='text/css'>.question-container.sq001 {
    border-left: #64d8f1 0.5rem solid;
  }
  .question-container.sq002 {
    border-left: #c48fdd 0.5rem solid;
  }
  .question-container.sq003 {
    border-left: #88db71 0.5rem solid;
  }
  .question-container.sq004 {
    border-left: #b4507a 0.5rem solid;
  }
  .question-container.sq005 {
    border-left: #123456 0.5rem solid;
  }
  .question-container.sq006 {
    border-left: #cea106 0.5rem solid;
  }
</style>
",,it,422,0,694511,M,RITE01x2,,Y,Y,N,3,0,0,multiplechoice,,32,"((RITE01.NAOK == 'SI') and (RITE01x1.NAOK != 'AO06'))",0
485,"In qualche altro luogo (come bar, centri commerciali, casa di amici, Internet point)",,it,485,422,694511,T,SQ004,,N,N,N,3,0,0,,,32,1,0
491,"Consolle (es. Xbox, PlayStation, ecc.)",,it,491,424,694511,T,SQ004,,N,N,N,3,0,0,,,32,1,0
496,"Guardare video da servizi di condivisione (es. YouTube, Instagram, TikTok)",,it,496,425,694511,T,RITE01x404,,N,N,N,3,0,0,,,32,1,0
506,"Creare o modificare un file (es. un documento Word, un’immagine, ecc.)",,it,506,426,694511,T,RITE02x4,,N,N,N,3,0,0,,,32,1,0
510,Un/a vicino/a di casa,,it,510,429,694511,T,SQ004,,N,N,N,3,0,0,,,32,1,0
424,"<p>Con quale tipo di dispositivo si connette ad Internet? Indichi tutte le risposte pertinenti.</p>
",,it,424,0,694511,M,RITE01x3,,Y,Y,N,4,0,0,multiplechoice,,32,"((RITE01.NAOK == 'SI') and (RITE01x1.NAOK != 'AO06'))",0
486,"In biblioteca, scuola, o università",,it,486,422,694511,T,SQ005,,N,N,N,4,0,0,,,32,1,0
492,Smart TV,,it,492,424,694511,T,SQ005,,N,N,N,4,0,0,,,32,1,0
497,"Leggere giornali, informazioni, riviste online",,it,497,425,694511,T,RITE01x405,,N,N,N,4,0,0,,,32,1,0
511,Un impiegato di call center/numero verde,,it,511,429,694511,T,SQ005,,N,N,N,4,0,0,,,32,1,0
425,"<p>Negli ultimi tre mesi ha utilizzato Internet per:</p>
",,it,425,0,694511,F,RITE01x4,,N,Y,N,5,0,0,arrays/array,,32,"((RITE01.NAOK == 'SI') and (RITE01x1.NAOK != 'AO06'))",0
487,Nessuna delle opzioni precedenti,,it,487,422,694511,T,SQ006,,N,N,N,5,0,0,,,32,1,0
498,Usare servizi bancari (incluso mobile banking),,it,498,425,694511,T,RITE01x406,,N,N,N,5,0,0,,,32,1,0
572,Assistenza professionale presso il proprio domicilio,,it,572,429,694511,T,SQ006,,N,N,N,5,0,0,,,32,1,0
426,"<p>Negli ultimi tre mesi ha utilizzato un computer (o un altro dispositivo informatico) per:</p>
",,it,426,0,694511,F,RITE02,,N,Y,N,6,0,0,arrays/array,,32,1,0
499,"Guardare film o serie TV in streaming da servizi commerciali (es. Netflix, Disney+, DAZN, Sky, Amazon Prime, lnfinity, NowTv, HBO MAX, ecc.)",,it,499,425,694511,T,RITE01x407,,N,N,N,6,0,0,,,32,1,0
512,Non so/Non ricordo,,it,512,429,694511,T,SQ007,,N,N,N,6,0,0,,,32,1,0
427,"<p>Se avesse bisogno di aiuto, ci sarebbe qualcuno che potrebbe aiutarla ad usare Internet?</p>
",,it,427,0,694511,L,RITE03,,N,Y,N,7,0,0,bootstrap_buttons,,32,1,0
500,"Guardare programmi televisivi in streaming, in diretta o in differita da emittenti televisive (es. Rai, Mediaset, ecc.)",,it,500,425,694511,T,RITE01x408,,N,N,N,7,0,0,,,32,1,0
428,"<p>Ha cercato o chiesto aiuto per usare Internet negli ultimi tre mesi?</p>
",,it,428,0,694511,L,RITE04,,N,Y,N,8,0,0,bootstrap_buttons,,32,1,0
501,Accedere al fascicolo sanitario elettronico o a cartelle cliniche elettroniche,,it,501,425,694511,T,RITE01x409,,N,N,N,8,0,0,,,32,1,0
429,"<p>Chi le ha prestato aiuto? Indichi tutte le risposte pertinenti.</p>
",,it,429,0,694511,M,RITE04x1,,N,Y,N,9,0,0,multiplechoice,,32,"((RITE04.NAOK == 'SI'))",0
502,"Vendere merci o servizi attraverso siti web o app (es. eBay, Facebook Marketplace, Subito, ecc.)",,it,502,425,694511,T,RITE01x410,,N,N,N,9,0,0,,,32,1,0
430,"<p>Ha aiutato qualcuno ad usare Internet negli ultimi tre mesi?</p>
",,it,430,0,694511,L,RITE05,,N,Y,N,10,0,0,bootstrap_buttons,,32,1,0
513,Nell’insieme quanto si ritiene felice? Per rispondere utilizzi questa scala dove 0 corrisponde a “del tutto infelice” e 10 a “del tutto felice”.,,it,513,431,694511,T,RHea01x1,,N,N,N,0,0,0,,,33,1,0
514,Nell’insieme quanto si ritiene felice? Per rispondere utilizzi questa scala dove 0 corrisponde a “del tutto infelice” e 10 a “del tutto felice”.,,it,514,432,694511,T,RHea02,,N,N,N,0,0,0,,,33,1,0
515,"Sentirsi nervosa/o, ansiosa/o o agitata/o",,it,515,433,694511,T,RHea03x1,,N,N,N,0,0,0,,,33,1,0
582,Nell’insieme quanto si ritiene felice? Per rispondere utilizzi questa scala dove 0 corrisponde a “del tutto infelice” e 10 a “del tutto felice”.,,it,582,466,694511,T,RHea02,,N,N,N,0,0,0,,,33,1,0
583,Nell’insieme quanto si ritiene felice? Per rispondere utilizzi questa scala dove 0 corrisponde a “del tutto infelice” e 10 a “del tutto felice”.,,it,583,467,694511,T,RHea02,,N,N,N,0,0,0,,,33,1,0
584,Nell’insieme quanto si ritiene felice? Per rispondere utilizzi questa scala dove 0 corrisponde a “del tutto infelice” e 10 a “del tutto felice”.,,it,584,468,694511,T,RHea02,,N,N,N,0,0,0,,,33,1,0
431,"<p>Nell’insieme quanto si ritiene felice? Per favore usi la seguente scala.</p>
",,it,431,0,694511,F,RHea01,,N,Y,N,1,0,0,arrays/array,,33,1,1
516,Sentirsi depressa/o,,it,516,433,694511,T,RHea03x2,,N,N,N,1,0,0,,,33,1,0
432,"<p>Complessivamente, quanto è soddisfatta/o della sua vita attuale? Risponda usando la seguente scala, dove 0 significa “assolutamente insoddisfatta/o” e 10 “assolutamente soddisfatta/o”.</p>
",,it,432,0,694511,F,RHea02,,N,Y,N,2,0,0,arrays/array,,33,0,0
517,Sentirsi sola/o,,it,517,433,694511,T,RHea03x3,,N,N,N,2,0,0,,,33,1,0
466,"Complessivamente, quanto è soddisfatta/o della sua vita attuale? Risponda usando la seguente scala, dove 0 significa “assolutamente insoddisfatta/o” e 10 “assolutamente soddisfatta/o”.",,it,466,0,694511,F,RHea02Esp1,,N,Y,N,3,0,0,arrays/array,,33,"TOKEN:ATTRIBUTE_14 == '1'",1
518,Sentirsi ottimista per il futuro,,it,518,433,694511,T,RHea03x4,,N,N,N,3,0,0,,,33,1,0
467,"Complessivamente, quanto è soddisfatta/o della sua vita attuale? Risponda usando la seguente scala, dove 0 significa “assolutamente insoddisfatta/o” e 10 “assolutamente soddisfatta/o”.",,it,467,0,694511,F,RHea02Esp2,,N,N,N,4,0,0,arrays/array,,33,"TOKEN:ATTRIBUTE_14 == '2'",1
468,"Complessivamente, quanto è soddisfatta/o della sua vita attuale? Risponda usando la seguente scala, dove 0 significa “assolutamente insoddisfatta/o” e 10 “assolutamente soddisfatta/o”.",,it,468,0,694511,F,RHea02Esp3,,N,Y,N,5,0,0,arrays/array,,33,"TOKEN:ATTRIBUTE_14 == '3'",0
475,Lei ha lasciato senza risposta questa domanda. Potrebbe dirci perché non ha risposto?,,it,475,0,694511,L,RHea02Esp3b,,N,Y,N,6,0,0,listradio,,33,"TOKEN:ATTRIBUTE_14 == '3' AND (RHea02Esp3_RHea02.NAOK =='NR')",0
433,"<p>Nell'ultima settimana, quanto spesso le è capitato di:</p>
",,it,433,0,694511,F,RHea03,,N,Y,N,7,0,0,arrays/array,,33,1,0
434,"<p>Attualmente, come è in generale la sua salute? La definirebbe:</p>
",,it,434,0,694511,L,RHea04,,N,Y,N,8,0,0,listradio,,33,1,0
519,... in televisione ,,it,519,435,694511,T,RPIn01x1,,N,N,N,0,0,0,,,34,1,0
435,"<p>Quanto spesso segue le notizie di attualità e politica sui seguenti media...</p>
",,it,435,0,694511,F,RPIn01,,N,Y,N,1,0,0,arrays/array,,34,1,0
520,... alla radio,,it,520,435,694511,T,RPIn01x2,,N,N,N,1,0,0,,,34,1,0
436,"<p>In che misura Lei direbbe di essere interessata/o alla politica?</p>
",,it,436,0,694511,L,RPIn02,,N,Y,N,2,0,0,listradio,,34,1,0
521,... sui quotidiani cartacei,,it,521,435,694511,T,RPIn01x3,,N,N,N,2,0,0,,,34,1,0
522,... sui quotidiani online,,it,522,435,694511,T,RPIn01x4,,N,N,N,3,0,0,,,34,1,0
573,... sui siti di informazione,,it,573,435,694511,T,RPIn01x5,,N,N,N,4,0,0,,,34,1,0
523,... sui social media,,it,523,435,694511,T,RPIn01x6,,N,N,N,5,0,0,,,34,1,0
524,L’aborto,,it,524,437,694511,T,RVal01x1,,N,N,N,0,0,0,,,35,1,0
528,È probabile che un bambino in età pre-scolare soffra se sua madre lavora,,it,528,438,694511,T,RVal02x1,,N,N,N,0,0,0,,,35,1,0
556,Buone maniere,,it,556,439,694511,T,RVal03x1,,N,N,N,0,0,0,,,35,1,0
437,"<p>Usando la seguente scala indichi, per favore, quanto per Lei i seguenti comportamenti sono giustificati. Lei ritiene che non possano essere mai giustificati, siano sempre giustificati oppure qualcosa di intermedio secondo le circostanze?</p>
",,it,437,0,694511,F,RVal01,,N,Y,N,1,0,0,arrays/array,,35,1,1
525,L'eutanasia (porre fine alla vita di una persona affetta da una malattia inguaribile),,it,525,437,694511,T,RVal01x2,,N,N,N,1,0,0,,,35,1,0
529,"Va bene lavorare, ma ciò che la maggior parte delle donne vuole veramente è una casa e dei figli",,it,529,438,694511,T,RVal02x2,,N,N,N,1,0,0,,,35,1,0
557,Indipendenza,,it,557,439,694511,T,RVal03x2,,N,N,N,1,0,0,,,35,1,0
438,"<p>Indichi se è d'accordo o in disaccordo rispetto a ciascuna delle seguenti affermazioni.</p>

<p>Lei è molto d'accordo, d'accordo, in disaccordo o molto in disaccordo?</p>
",,it,438,0,694511,F,RVal02,,N,Y,N,2,0,0,arrays/array,,35,1,0
526,Il suicidio,,it,526,437,694511,T,RVal01x3,,N,N,N,2,0,0,,,35,1,0
530,Un padre che lavora dovrebbe usufruire del congedo parentale per prendersi cura dei suoi figli,,it,530,438,694511,T,RVal02x3,,N,N,N,2,0,0,,,35,1,0
558,Capacità di lavorare sodo,,it,558,439,694511,T,RVal03x3,,N,N,N,2,0,0,,,35,1,0
439,"<p>Questo è un elenco di atteggiamenti e comportamenti che i/le figli/e possono essere incoraggiati/e a imparare in famiglia. Quale o quali di essi Lei considera particolarmente importante/i? La prego di sceglierne non più di cinque.</p>
",,it,439,0,694511,M,RVal03,,N,Y,N,3,0,0,multiplechoice,,35,1,0
527,Gestazione per altri (portare avanti una gravidanza per un’altra persona o per una coppia),,it,527,437,694511,T,RVal01x4,,N,N,N,3,0,0,,,35,1,0
531,Uomini e donne devono contribuire equamente nel prendersi cura dei propri figli,,it,531,438,694511,T,RVal02x4,,N,N,N,3,0,0,,,35,1,0
559,Senso di responsabilità,,it,559,439,694511,T,RVal03x4,,N,N,N,3,0,0,,,35,1,0
560,Immaginazione,,it,560,439,694511,T,RVal03x5,,N,N,N,4,0,0,,,35,1,0
561,Rispetto degli altri,,it,561,439,694511,T,RVal03x6,,N,N,N,5,0,0,,,35,1,0
562,Tolleranza,,it,562,439,694511,T,RVal03x7,,N,N,N,6,0,0,,,35,1,0
563,"Far economia, capacità di risparmiare denaro e cose",,it,563,439,694511,T,RVal03x8,,N,N,N,7,0,0,,,35,1,0
564,"Determinazione, perseveranza",,it,564,439,694511,T,RVal03x9,,N,N,N,8,0,0,,,35,1,0
565,Fede religiosa,,it,565,439,694511,T,RVal03x10,,N,N,N,9,0,0,,,35,1,0
566,Altruismo,,it,566,439,694511,T,RVal03x11,,N,N,N,10,0,0,,,35,1,0
567,Obbedienza,,it,567,439,694511,T,RVal03x12,,N,N,N,11,0,0,,,35,1,0
568,Non so,,it,568,439,694511,T,RVal03xNS,,N,N,N,12,0,0,,,35,1,0
569,Preferisco non rispondere,,it,569,439,694511,T,RVal03xNR,,N,N,N,13,0,0,,,35,1,0
532,"Lei ritiene che si possa avere fiducia nella maggior parte delle persone, o che sia meglio essere diffidenti? Indichi la sua opinione utilizzando una scala da 0 a 10, dove 0 rappresenta la necessità di essere diffidenti e 10 rappresenta la possibilità di fidarsi.",,it,532,440,694511,T,SQ001,,N,N,N,0,0,0,,,36,1,0
533,Il Parlamento italiano,,it,533,441,694511,T,RTru02x1,,N,N,N,0,0,0,,,36,1,0
539,"In generale, direbbe che il mondo è migliore o peggiore per via della scienza e della tecnologia? Indichi la Sua posizione utilizzando questa scala, in cui 0 significa che il mondo è 'Molto peggiore' e 10 che il mondo è “Molto migliore”",,it,539,442,694511,T,SQ001,,N,N,N,0,0,0,,,36,1,0
585,"Lei ritiene che si possa avere fiducia nella maggior parte delle persone, o che sia meglio essere diffidenti? Indichi la sua opinione utilizzando una scala da 0 a 10, dove 0 rappresenta la necessità di essere diffidenti e 10 rappresenta la possibilità di fidarsi.",,it,585,469,694511,T,SQ001,,N,N,N,0,0,0,,,36,1,0
586,"Lei ritiene che si possa avere fiducia nella maggior parte delle persone, o che sia meglio essere diffidenti? Indichi la sua opinione utilizzando una scala da 0 a 10, dove 0 rappresenta la necessità di essere diffidenti e 10 rappresenta la possibilità di fidarsi.",,it,586,470,694511,T,SQ001,,N,N,N,0,0,0,,,36,1,0
587,"Lei ritiene che si possa avere fiducia nella maggior parte delle persone, o che sia meglio essere diffidenti? Indichi la sua opinione utilizzando una scala da 0 a 10, dove 0 rappresenta la necessità di essere diffidenti e 10 rappresenta la possibilità di fidarsi.",,it,587,471,694511,T,SQ001,,N,N,N,0,0,0,,,36,1,0
440,"<p>In generale, Lei ritiene che si possa avere fiducia nella maggior parte delle persone, o che sia meglio essere diffidenti? Risponda, per favore, usando una scala da 0 a 10, dove 0 rappresenta la necessità di essere diffidenti e 10 rappresenta la possibilità di fidarsi.</p>
",,it,440,0,694511,F,RTru01,,N,Y,N,1,0,0,arrays/array,,36,0,0
534,La Magistratura,,it,534,441,694511,T,RTru02x2,,N,N,N,1,0,0,,,36,1,0
469,"<p>In generale, Lei ritiene che si possa avere fiducia nella maggior parte delle persone, o che sia meglio essere diffidenti? Risponda, per favore, usando una scala da 0 a 10, dove 0 rappresenta la necessità di essere diffidenti e 10 rappresenta la possibilità di fidarsi.</p>
",,it,469,0,694511,F,RTru01Esp1,,N,Y,N,2,0,0,arrays/array,,36,"TOKEN:ATTRIBUTE_14 == '1'",1
535,La Polizia,,it,535,441,694511,T,RTru02x3,,N,N,N,2,0,0,,,36,1,0
470,"<p>In generale, Lei ritiene che si possa avere fiducia nella maggior parte delle persone, o che sia meglio essere diffidenti? Risponda, per favore, usando una scala da 0 a 10, dove 0 rappresenta la necessità di essere diffidenti e 10 rappresenta la possibilità di fidarsi.</p>
",,it,470,0,694511,F,RTru01Esp2,,N,N,N,3,0,0,arrays/array,,36,"TOKEN:ATTRIBUTE_14 == '2'",0
536,I politici,,it,536,441,694511,T,RTru02x4,,N,N,N,3,0,0,,,36,1,0
471,"<p>In generale, Lei ritiene che si possa avere fiducia nella maggior parte delle persone, o che sia meglio essere diffidenti? Risponda, per favore, usando una scala da 0 a 10, dove 0 rappresenta la necessità di essere diffidenti e 10 rappresenta la possibilità di fidarsi.</p>
",,it,471,0,694511,F,RTru01Esp3,,N,Y,N,4,0,0,arrays/array,,36,"TOKEN:ATTRIBUTE_14 == '3'",0
537,I partiti politici,,it,537,441,694511,T,RTru02x5,,N,N,N,4,0,0,,,36,1,0
476,Lei ha lasciato senza risposta questa domanda. Potrebbe dirci perché non ha risposto?,,it,476,0,694511,L,RTru01Esp3b,,N,Y,N,5,0,0,listradio,,36,"TOKEN:ATTRIBUTE_14 == '3' AND (RTru01Esp3_SQ001.NAOK =='NR')",0
538,Il Parlamento europeo,,it,538,441,694511,T,RTru02x6,,N,N,N,5,0,0,,,36,1,0
441,"<p>Su una scala da 0 a 10, dove 0 corrisponde a un'assoluta mancanza di fiducia nell'istituzione e 10 a una totale fiducia, qual è il grado di fiducia che Lei personalmente ripone nelle seguenti istituzioni?</p>
",,it,441,0,694511,F,RTru02,,N,Y,N,6,0,0,arrays/array,,36,1,0
442,"<p>In generale, direbbe che il mondo è migliore o peggiore per via della scienza e della tecnologia? La prego di indicare la sua posizione su questa scala, in cui 0 significa che il mondo è 'molto peggiore' e 10 significa che è “molto migliore”.</p>
",,it,442,0,694511,F,RTru03,,N,Y,N,7,0,0,arrays/array,,36,1,0
540,"In politica, a volte si parla di 'sinistra' e di 'destra'. Dove si collocherebbe in una scala da 0 a 10, dove 0 rappresenta la sinistra e 10 rappresenta la destra?",,it,540,443,694511,T,SQ001,,N,N,N,0,0,0,,,37,1,0
443,"<p>In politica, a volte si parla di 'sinistra' e di 'destra'. In una scala da 0 a 10, dove 0 rappresenta la sinistra e 10 rappresenta la destra dove si collocherebbe?</p>
",,it,443,0,694511,F,RPOr01,,N,Y,N,1,0,0,arrays/array,,37,1,0
444,"<p>Secondo Lei il fatto che l’Italia appartenga all’Unione Europea è un bene, un male, o né un bene né un male?</p>
",,it,444,0,694511,L,RPOr02,,N,Y,N,2,0,0,listradio,,37,1,0
541,"Trovo piacevole rispondere ai questionari, sia per iscritto sia via Internet",,it,541,445,694511,T,RSAt01x1,,N,N,N,0,0,0,,,38,1,0
547,Noiosa,,it,547,446,694511,T,RSAt02x1,,N,N,N,0,0,0,,,38,1,0
445,"<p>Usando la seguente scala, indichi per favore in quale misura Lei è d’accordo o in disaccordo con ciascuna delle seguenti affermazioni.</p>
",,it,445,0,694511,F,RSAt01,,N,Y,N,1,0,0,arrays/array,,38,1,0
542,Trovo piacevole essere intervistata/o per una ricerca,,it,542,445,694511,T,RSAt01x2,,N,N,N,1,0,0,,,38,1,0
548,Difficile,,it,548,446,694511,T,RSAt02x2,,N,N,N,1,0,0,,,38,1,0
446,"<p>L'intervista sta per concludersi. Ci piacerebbe sapere la sua impressione generale nel completare questa intervista. Le verranno presentati due aggettivi opposti per descrivere l'intervista. Utilizzi una delle faccine riportate qui sotto per indicare quale dei due aggettivi si adatta meglio alla sua impressione generale.</p>

<p>È possibile selezionare solo una risposta per ogni riga.</p>

<p>In generale, ha trovato l’intervista:</p>
<style type='text/css'>#question{QID} > div.answer-container.col-12 > div > table > thead > tr.ls-heading {
    font-size: xx-large;
  }
</style>
",,it,446,0,694511,F,RSAt02,,N,Y,N,2,0,0,arrays/array,,38,1,0
543,Le indagini demoscopiche sono importanti per la società,,it,543,445,694511,T,RSAt01x3,,N,N,N,2,0,0,,,38,1,0
549,Sgradevole/Spiacevole,,it,549,446,694511,T,RSAt02x3,,N,N,N,2,0,0,,,38,1,0
544,"Con i dati provenienti da indagini demoscopiche, si possono ottenere molte informazioni utili",,it,544,445,694511,T,RSAt01x4,,N,N,N,3,0,0,,,38,1,0
550,Lunga,,it,550,446,694511,T,RSAt02x4,,N,N,N,3,0,0,,,38,1,0
545,Le indagini demoscopiche violano la privacy,,it,545,445,694511,T,RSAt01x5,,N,N,N,4,0,0,,,38,1,0
546,Trovo faticoso rispondere a/compilare un questionario,,it,546,445,694511,T,RSAt01x6,,N,N,N,5,0,0,,,38,1,0
551,Indirizzo e-mail,,it,551,450,694511,T,RRec02x1,,N,N,N,0,0,0,,,39,1,0
447,"<p>Il questionario è giunto al termine. Ci auguriamo che voglia partecipare all'indagine IOPP!</p>

<p>Partecipando a IOPP, potrà esprimere la sua opinione su vari argomenti e permettere ad altre persone come Lei di essere ascoltate. Questo è infatti l'unico modo per sapere cosa considerino importante le persone simili a Lei, in termini di età, livello di istruzione, reddito, ecc. Come membro del panel IOPP aiuterà ricercatori e scienziati a conoscere meglio la società italiana. Ogni 2-3 mesi riceverà un questionario da compilare online sulla sua app IOPP o sul sito! Naturalmente la partecipazione è volontaria e potrà essere interrotta in ogni momento. Ricordi che al momento dell'adesione maturerà un iniziale omaggio del valore di 15€ che si andrà progressivamente cumulando alla compilazione dei singoli questionari per un valore massimo di ulteriori 10€ per il suo primo anno di partecipazione. Potrà ritirare il corrispettivo del punteggio guadagnato al termine di ogni ciclo di somministrazioni.</p>

<p>Desidera registrarsi al panel IOPP?</p>
",,it,447,0,694511,L,RRec01,,N,Y,N,1,0,0,bootstrap_buttons,,39,1,0
552,Numero di telefonia mobile,,it,552,450,694511,T,RRec02x2,,N,N,N,1,0,0,,,39,1,0
448,"<p>Qual è il motivo principale per cui non desidera partecipare al panel?</p>

<div class='d-none m-3 px-5' id='btn_{QID}_AO01_text'>Partecipare al panel IOPP non richiede molto tempo: al massimo 20 minuti per intervista. Il vantaggio di completare i questionari online (tramite internet) è che può scegliere quando farlo.<br />Avrà a disposizione quasi un mese per completare ogni questionario. Potrà anche scegliere di interrompere a metà un questionario e continuare la compilazione in un secondo momento. In questo caso, potrà riprendere da dove ha lasciato.<br />Sarà anche possibile saltare un mese se lo desidera, o completare alcuni ma non tutti i questionari in un dato mese.</div>

<div class='d-none m-3 px-5' id='btn_{QID}_AO02_text'>IOPP è stato appositamente costruito per monitorare la popolazione per un lungo periodo di tempo, per ottenere un'immagine precisa degli sviluppi nella società nel corso degli anni. Per questo auspichiamo che deciderà di partecipare per un lungo periodo. Tuttavia, potrà anche semplicemente provare l’app IOPP o il sito per un po'. Se non le piacerà, potrà annullare l’iscrizione in qualsiasi momento e gratuitamente. La partecipazione è completamente volontaria e si può decidere di non partecipare più all’indagine quando si vuole.</div>

<div class='d-none m-3 px-5' id='btn_{QID}_AO03_text'>Per avere una buona panoramica della società italiana è importante che il panel IOPP includa persone appartenenti a tutti gli strati sociali. Il panel è infatti composto da giovani, persone di mezza età e anche da anziani.<br />Gli anziani rappresentano una fascia molto importante della società italiana.</div>

<div class='d-none m-3 px-5' id='btn_{QID}_AO04_text'>Sia il sito che l’app sono costruiti per essere fruibili anche da persone con una disabilità visiva (come ipovisione) e sono adattabili a strumenti che utilizza nella sua quotidianità come tablet, smartphone o altro. In ogni caso avrà sempre a disposizione un numero verde per ottenere tutto l'aiuto e il supporto di cui avrà bisogno.<br />Qualora fosse necessario abbiamo pensato anche a un modo alternativo per permetterle di partecipare alla ricerca. Se deciderà di partecipare all'indagine, le faremo avere il questionario via posta. Questa alternativa è completamente gratuita.<br />Può anche scegliere di fare una prova e se deciderà che questa modalità di partecipazione non è adatta alle sue esigenze, potrà cancellarsi dal panel in qualsiasi momento gratuitamente.</div>

<div class='d-none m-3 px-5' id='btn_{QID}_AO05_text'>Avrà sempre a disposizione un numero verde per ottenere tutto l'aiuto e il supporto di cui avrà bisogno. Per ottenere una buona fotografia della società italiana, è importante infatti che l’indagine IOPP includa anche persone che non hanno una buona capacità di utilizzare un computer.<br />Qualora fosse necessario abbiamo pensato anche a un modo alternativo per permetterle di partecipare alla ricerca. Se deciderà di partecipare all’indagine, le faremo avere il questionario via posta. Questa alternativa è completamente gratuita.<br />Può anche scegliere di fare una prova e se deciderà che questa modalità di partecipazione non le piace, potrà cancellarsi dal panel in qualsiasi momento gratuitamente.</div>

<div class='d-none m-3 px-5' id='btn_{QID}_AO06_text'>Per ottenere una buona fotografia della società italiana, è importante che l’indagine IOPP includa anche persone che attualmente non possiedono un computer o una connessione Internet. Abbiamo pensato ad un modo alternativo per permetterle di partecipare alla ricerca.<br />Infatti, se deciderà di partecipare all’indagine, le faremo avere il questionario via posta. Questa alternativa è completamente gratuita.<br />Può anche scegliere di fare una prova e se deciderà che questa modalità di partecipazione non le piace, potrà cancellarsi dal panel in qualsiasi momento gratuitamente.</div>

<div class='d-none m-3 px-5' id='btn_{QID}_AO07_text'>La protezione dei dati è molto importante per il panel IOPP. Ci assicuriamo che i vostri dati siano adeguatamente protetti in conformità con il Regolamento Generale sulla Protezione dei Dati (GDPR). Le vostre risposte ci arriveranno in forma anonima, senza cioè includere i suoi dati personali. Questo garantirà che la sua privacy rimanga sempre protetta. Nessuna organizzazione avrà accesso ai suoi dati personali (nome, indirizzo, numero di telefono ed indirizzo e-mail) senza il suo permesso. I suoi dati personali saranno utilizzati esclusivamente a fini di ricerca scientifica e non li useremo mai per pubblicità, spam (messaggi e-mail pubblicitari non sollecitati), vendite telefoniche e altri scopi commerciali.<br />Inoltre, senza il suo permesso nessuna organizzazione potrà accedere ai suoi dati amministrativi (nome, indirizzo, numero di telefono ed indirizzo e-mail).</div>

<div class='d-none m-3 px-5' id='btn_{QID}_AO08_text'>La protezione dei dati è molto importante per il panel IOPP. Ci assicuriamo che i vostri dati siano adeguatamente protetti in conformità con il Regolamento Generale sulla Protezione dei Dati (GDPR). Le vostre risposte ci arriveranno in forma anonima, senza cioè includere i suoi dati personali. Questo garantirà che la sua privacy rimanga sempre protetta. Nessuna organizzazione avrà accesso ai suoi dati personali (nome, indirizzo, numero di telefono ed indirizzo e-mail) senza il suo permesso. I suoi dati personali saranno utilizzati esclusivamente a fini di ricerca scientifica e non li useremo mai per pubblicità, spam (messaggi e-mail pubblicitari non sollecitati), vendite telefoniche e altri scopi commerciali.<br />Inoltre, senza il suo permesso nessuna organizzazione potrà accedere ai suoi dati amministrativi (nome, indirizzo, numero di telefono ed indirizzo e-mail).</div>

<div class='d-none m-3 px-5' id='btn_{QID}_AO09_text'>Capiamo che il valore della ricerca e specialmente di quella basata su indagini campionarie condotte online non sia sempre evidente e che potrebbe desiderare di non partecipare per principio.<br />Tuttavia, partecipando, potrà dare voce a persone come Lei. Potrà far sentire la sua opinione e, con essa, quella di molti altri membri della società italiana che la pensano come Lei. Alla luce di ciò, speriamo che decida di partecipare per aiutarci ad avere un’immagine completa della società italiana aiutando così sia la scienza sia la società a progredire.</div>

<div class='d-none m-3 px-5' id='btn_{QID}_AO10_text'>Capiamo che il valore della ricerca e specialmente di quella basata su indagini campionarie condotte online non sia sempre evidente e che potrebbe desiderare di non partecipare per principio.<br />Tuttavia, partecipando, darà voce a persone come Lei. Potrà far sentire la sua opinione e, con essa, quella di molti altri membri della società italiana che la pensano come Lei. Alla luce di ciò, speriamo che decida di partecipare per aiutarci ad avere un’immagine completa della società italiana aiutando così sia la scienza sia la società a progredire.</div>
",,it,448,0,694511,L,RRec01x2,,N,Y,N,2,0,0,bootstrap_buttons,,39,"((RRec01.NAOK == 'NO'))",1
451,"<p>Ora ha cambiato idea? Desidera registrarsi al panel IOPP?</p>
",,it,451,0,694511,L,RRec01x3,,N,Y,N,3,0,0,bootstrap_buttons,,39,"((RRec01x2.NAOK == 'AO01' or RRec01x2.NAOK == 'AO02' or RRec01x2.NAOK == 'AO03' or RRec01x2.NAOK == 'AO07' or RRec01x2.NAOK == 'AO08' or RRec01x2.NAOK == 'AO09' or RRec01x2.NAOK == 'AO10'))",0
478,"<p>La sua partecipazione al panel IOPP è un contributo prezioso per la ricerca sociale. Al momento ha indicato di non voler aderire all’indagine, ma ci farebbe piacere offrirle ulteriori informazioni sui benefici e sull’importanza della partecipazione.</p>

<p>Sarebbe disponibile a essere contattato per approfondire questi aspetti?</p>
",,it,478,0,694511,L,RRec01x3bis,,N,Y,N,4,0,0,bootstrap_buttons,,39,"RRec01x3.NAOK == 'NO'",0
479,La ringraziamo per la disponibilità! Potrebbe indicarci un numero di telefono a cui possiamo contattarla per fornirle maggiori informazioni?,,it,479,0,694511,S,RRec01x3tris,,N,Y,N,5,0,0,shortfreetext,,39,"((RRec01x3bis.NAOK == 'SI'))",0
452,"<p>Desidera registrarsi al panel IOPP con una modalità alternativa?</p>
",,it,452,0,694511,L,RRec01x4,,N,Y,N,6,0,0,listradio,,39,"(RRec01x2.NAOK == 'AO04' OR RRec01x2.NAOK == 'AO05' or RRec01x2.NAOK == 'AO06')",0
462,"<p>A quale indirizzo desidera ricevere i questionari IOPP?</p>
",,it,462,0,694511,L,RRec01x5,,Y,Y,N,7,0,0,listradio,,39,"RRec01x4.NAOK == 'SIPT'",0
457,"<p><strong>In caso di ulteriori domande si prega di contattare il numero verde: <span style='color:#16a085;'>800 952122</span>. </strong></p>

<p><strong>Il personale IOPP sarà lieto di assisterla.</strong></p>
",,it,457,0,694511,X,V1001x1,,N,N,N,8,0,0,boilerplate,,39,1,0
450,"<p style='text-align:justify'>Grazie! Siamo lieti che Lei abbia accettato di partecipare al panel IOPP. A breve riceverà una lettera e un'e-mail con i dati di accesso per poter iniziare a compilare i questionari dell’indagine IOPP e ricevere i suoi buoni regalo! Abbiamo bisogno di alcuni dettagli per assicurarci che la lettera e l’e-mail vengano inviate all'indirizzo corretto.</p>
",,it,450,0,694511,Q,RRec02,,N,Y,N,9,0,0,multipleshorttext,,39,"((RRec01.NAOK == 'SI' OR RRec01x3.NAOK == 'SI' OR RRec01x4.NAOK == 'SIOP' OR RRec01x4.NAOK == 'SIPT') )",0
580,Dichiaro di aver preso visione del Modulo di Consenso e acconsento a partecipare all'indagine.,,it,580,465,694511,T,SQ001,,N,N,N,0,0,0,,,42,1,0
581,Dichiaro di aver preso visione dell'Informativa sulla Privacy e autorizzo il trattamento dei miei dati personali.,,it,581,464,694511,T,SQ001,,N,N,N,0,0,0,,,42,1,0
464,"<a href='/limesurvey/upload/surveys/694511/files/IOPP_Informativa%20trattamento%20dati%20ingaggio.pdf' target='_blank'>Clicca qui per scaricare l'Informativa sulla Privacy per l'iscrizione al panel.</a>",,it,464,0,694511,M,CONSENTREC,,N,Y,N,1,0,0,multiplechoice,,42,1,0
465,"<p>Dichiaro di aver preso visione del foglio informativo e dell’informativa sulla privacy per il trattamento dati per l'ingaggio dei panelisti IOPP. Confermo di aver trovato le informazioni fornite esaurienti e comprensibili.</p>

<p>In particolare, dichiaro di essere stata/o informata/o che i dati raccolti per l’ingaggio dei panelisti IOPP saranno trattati dal Consiglio Nazionale delle Ricerche – Istituto di Ricerche sulla Popolazione e le Politiche Sociali (CNR-IRPPS).</p>

<p>Dichiaro di aver compreso i rischi e i benefici, sia diretti che indiretti, che possono derivare dalla mia iscrizione al panel. Sono stata/o informata/o delle misure di tutela della riservatezza delle e dei partecipanti e delle procedure per la protezione dei dati personali in conformità alle normative vigenti, inclusi il Regolamento Generale sulla Protezione dei Dati (GDPR) dell’Unione Europea e altre leggi applicabili. Sono consapevole che i miei dati personali saranno trattati esclusivamente per scopi di ricerca scientifica.</p>

<p>Acconsento volontariamente al trattamento dei dati personali per l'ingaggio dei panelisti IOPP.</p>

<p>Dichiaro infine di avere almeno 18 anni e di essere legalmente capace di fornire il mio consenso alla partecipazione a questa indagine di ricerca. Altresì, sono stata/o informata/o delle modalità con cui revocare il consenso e ho individuato nel Direttore del CNR-IRPPS la persona a cui rivolgermi in caso di dubbi ovvero per chiedere la rettifica, la limitazione o la cancellazione del presente trattamento.</p>

<p>Titolare del trattamento dati: Direttore del CNR-IRPPS<br />Indirizzo email: <a href='mailto:direttore@irpps.cnr.it'>direttore@irpps.cnr.it</a></p>
",,it,465,0,694511,M,CONSENTREC01,,N,N,N,2,0,0,multiplechoice,,42,1,0
449,"<span style='font-size:11.0pt'><span style='line-height:115%'><span style='font-family:&quot;Segoe UI&quot;,sans-serif'>Lavoriamo con una selezione predeterminata di individui. Purtroppo, Lei non rientra nel nostro campione. Tuttavia, desideriamo ringraziarla per il suo interesse.</span></span></span>",,it,449,0,694511,X,V0000,,N,Y,N,1,0,0,boilerplate,,40,"(RVer02.NAOK == 'NOA' ) or (RVer04.NAOK == 'NO' ) OR (RVer02x2_CMP.NAOK == '0')",0
453,"<span style='font-size:11.0pt'><span style='line-height:115%'><span style='font-family:&quot;Segoe UI&quot;,sans-serif'>La registrazione per il panel IOPP è permessa solo agli individui tra i 18 e i 74 anni. Tuttavia, desideriamo ringraziarla per il suo interesse.</span></span></span>",,it,453,0,694511,X,V0001,,N,Y,N,2,0,0,boilerplate,,40,"(!is_empty(RVer03x1.NAOK) and (floor(round(((strtotime(date('Y-m-d'))-strtotime(RVer03x1.NAOK))/60/60/24/365.25),3)) >= 75 OR floor(round(((strtotime(date('Y-m-d'))-strtotime(RVer03x1.NAOK))/60/60/24/365.25),3)) < 18)) OR (is_empty(RVer03x1.NAOK) AND (floor(round(((strtotime(date('Y-m-d'))-strtotime(substr(TOKEN:ATTRIBUTE_2,6,4)+'-'+substr(TOKEN:ATTRIBUTE_2,3,2)+'-'+substr(TOKEN:ATTRIBUTE_2,0,2)))/60/60/24/365.25),3)) >= 75 OR floor(round(((strtotime(date('Y-m-d'))-strtotime(substr(TOKEN:ATTRIBUTE_2,6,4)+'-'+substr(TOKEN:ATTRIBUTE_2,3,2)+'-'+substr(TOKEN:ATTRIBUTE_2,0,2)))/60/60/24/365.25),3)) < 18))",0
